,DO_sur,DO_bot
MAE,22.336366445985995,40.95679384512733
RMSE,29.680864745389545,56.01331844403551
R2,0.7095465663975564,0.8243843377941523
